Employee_ID,Full_Name,Gender,Age,Department,Position,Salary,Hire_Date,Exit_Date,Years_At_Company,Employment_Status,Performance_Rating,Education_Level,Region,Job_Satisfaction,Absences,Overtime_Hours,Training_Hours,Promotions,Last_Promotion_Year
1001,James Rivera,Male,37,HR,HR Specialist,43400,2022-08-03,,2.4,Active,Exceeds Expectations,Master's,NCR,1.1,2,27,14,0,
1002,Rafael Villanueva,Male,36,Legal,Senior Counsel,110400,2023-07-06,,1.5,Active,Exceeds Expectations,Bachelor's,Mindanao,1.6,10,13,5,3,2018
1003,Ana Perez,Female,38,Engineering,Software Architect,155100,2016-05-26,,8.6,On Leave,Meets Expectations,Master's,Mindanao,4.3,19,46,36,1,2023
1004,John Flores,Male,40,Marketing,Marketing Specialist,48300,2019-04-06,,5.7,Active,Exceeds Expectations,Bachelor's,Visayas,2.5,6,34,4,1,2022
1005,David Castillo,Male,46,Finance,Senior Analyst,82400,2018-08-21,,6.4,Active,Exceeds Expectations,Bachelor's,Luzon,4.2,12,34,4,1,2022
1006,Susan Morales,Female,47,Legal,Legal Counsel,87400,2016-07-25,,8.4,Active,Exceeds Expectations,Bachelor's,NCR,3.3,18,51,23,1,2019
1007,Jennifer Reyes,Female,29,Sales,Senior Sales Rep,67300,2019-09-26,,5.3,Active,Meets Expectations,Master's,NCR,3.1,17,1,7,2,2024
1008,Linda Ramos,Female,49,Sales,VP of Sales,110200,2023-02-05,2024-12-31,1.9,Resigned,Outstanding,PhD,Visayas,3.0,3,80,19,1,2019
1009,Elizabeth Lopez,Female,55,Engineering,Tech Lead,106000,2015-03-21,,9.8,Active,Meets Expectations,PhD,Mindanao,2.0,7,72,5,0,
1010,Jennifer Lopez,Female,30,Sales,VP of Sales,146000,2016-11-07,,8.2,Active,Outstanding,Bachelor's,Visayas,4.7,6,39,25,2,2021
1011,Linda Flores,Female,36,Marketing,Marketing Manager,65700,2021-08-06,,3.4,Active,Exceeds Expectations,High School,Luzon,3.8,1,29,4,0,
1012,Jennifer Hernandez,Female,37,Finance,CFO,158100,2021-01-17,,4.0,Active,Outstanding,Master's,NCR,2.9,15,52,12,0,
1013,Luis Dela Cruz,Male,49,IT,CTO,186600,2023-03-06,,1.8,Active,Exceeds Expectations,Master's,Luzon,1.2,10,13,15,1,2019
1014,Barbara Villanueva,Female,33,Finance,CFO,162700,2015-11-05,,9.2,Active,Outstanding,Master's,Luzon,1.2,17,1,5,1,2019
1015,Isabella Morales,Female,35,IT,IT Support,32700,2019-04-02,,5.8,Active,Meets Expectations,PhD,NCR,2.1,17,62,9,1,2020
1016,John Martinez,Male,56,Engineering,Tech Lead,91900,2015-07-25,,9.4,Active,Exceeds Expectations,PhD,NCR,1.6,16,10,11,0,
1017,Joseph Aquino,Male,29,HR,HR Assistant,38100,2015-12-02,,9.1,Active,Exceeds Expectations,Master's,Mindanao,4.7,6,40,15,2,2021
1018,Charles Castillo,Male,42,Marketing,Marketing Coordinator,37500,2021-12-19,,3.0,On Leave,Outstanding,High School,NCR,1.9,8,16,22,0,
1019,Miguel Ramos,Male,32,Legal,Senior Counsel,144700,2015-02-02,,9.9,Active,Exceeds Expectations,Master's,Luzon,4.8,4,33,7,0,
1020,Thomas Ramos,Male,35,Operations,Operations Specialist,53600,2020-09-01,,4.3,Active,Outstanding,PhD,Luzon,1.4,13,35,2,0,
1021,Barbara Rivera,Female,32,Legal,General Counsel,151300,2016-04-03,,8.8,Active,Outstanding,Bachelor's,NCR,1.1,11,74,35,1,2021
1022,John Ramos,Male,45,Engineering,Tech Lead,96900,2022-08-25,,2.4,Active,Needs Improvement,PhD,NCR,4.5,13,79,9,1,2024
1023,David Villanueva,Male,23,Sales,Sales Manager,95600,2019-08-14,,5.4,Active,Outstanding,PhD,Visayas,2.1,3,48,2,3,2019
1024,Juan Dela Cruz,Male,41,HR,HR Specialist,40800,2022-05-27,,2.6,Active,Meets Expectations,PhD,Luzon,4.9,8,44,32,3,2023
1025,Mary Bautista,Female,38,Sales,Sales Manager,71300,2016-03-20,,8.8,Active,Meets Expectations,PhD,Mindanao,2.7,16,14,24,1,2020
1026,Luis Santos,Male,55,HR,HR Manager,74100,2015-10-14,2018-02-16,9.2,Terminated,Exceeds Expectations,Master's,Luzon,3.9,9,64,19,3,2020
1027,Karen Lopez,Female,30,HR,HR Director,114800,2022-08-06,,2.4,Active,Meets Expectations,Master's,Mindanao,2.6,0,38,18,1,2021
1028,Sofia Castillo,Female,50,HR,HR Director,101100,2022-05-22,,2.6,Active,Exceeds Expectations,Master's,NCR,2.3,7,39,14,1,2019
1029,John Flores,Male,52,Marketing,CMO,147200,2022-01-23,,2.9,Active,Exceeds Expectations,Bachelor's,NCR,2.6,4,0,6,3,2019
1030,Paolo Castillo,Male,25,HR,HR Assistant,35500,2016-06-30,,8.5,Active,Exceeds Expectations,Master's,NCR,2.3,14,78,32,3,2024
1031,Elizabeth Morales,Female,50,Finance,Senior Analyst,80900,2018-02-09,,6.9,Active,Exceeds Expectations,Master's,Visayas,2.1,2,36,15,2,2020
1032,Camille Cruz,Female,30,Sales,Senior Sales Rep,57600,2022-10-13,,2.2,Active,Meets Expectations,Bachelor's,NCR,2.3,14,53,3,1,2024
1033,Rosa Martinez,Female,23,IT,CTO,130400,2018-12-11,,6.1,Active,Meets Expectations,PhD,NCR,3.2,17,77,14,3,2019
1034,Elena Morales,Female,23,IT,IT Manager,91900,2022-08-13,,2.4,Active,Exceeds Expectations,PhD,NCR,4.7,19,68,1,3,2022
1035,Robert Villanueva,Male,30,Legal,Legal Counsel,73300,2017-12-01,,7.1,Active,Meets Expectations,Bachelor's,Mindanao,4.0,12,35,26,2,2024
1036,Marco Santos,Male,56,Engineering,Tech Lead,97300,2022-04-16,,2.7,Active,Outstanding,High School,Luzon,4.8,6,2,39,1,2019
1037,Marco Bautista,Male,58,HR,HR Director,106800,2023-08-08,,1.4,Active,Exceeds Expectations,Master's,NCR,1.5,5,39,6,0,
1038,Nicole Aquino,Female,47,HR,HR Assistant,37700,2022-09-29,,2.3,Active,Meets Expectations,Master's,Mindanao,4.4,19,15,36,0,
1039,Camille Villanueva,Female,45,Marketing,Marketing Manager,65400,2019-09-17,,5.3,Active,Needs Improvement,Bachelor's,NCR,4.6,14,19,27,1,2023
1040,Grace Lopez,Female,52,Legal,General Counsel,185200,2018-08-13,,6.4,Active,Outstanding,High School,Mindanao,4.5,7,59,36,3,2020
1041,Marco Mendoza,Male,33,Legal,Legal Counsel,93300,2023-12-12,,1.1,Active,Meets Expectations,Master's,NCR,4.5,17,1,33,1,2018
1042,Luis Morales,Male,57,HR,HR Director,122200,2020-01-10,,5.0,Active,Needs Improvement,Bachelor's,NCR,3.8,9,74,23,3,2022
1043,Elena Lopez,Female,43,Operations,COO,137800,2018-06-09,,6.6,Active,Needs Improvement,Bachelor's,Mindanao,1.5,17,23,12,1,2023
1044,Sarah Martinez,Female,55,Finance,Finance Analyst,46400,2018-04-28,,6.7,Active,Meets Expectations,High School,NCR,3.1,8,5,3,2,2023
1045,Marco Bautista,Male,22,Finance,CFO,192700,2019-12-10,,5.1,Active,Outstanding,Bachelor's,NCR,1.5,2,51,31,0,
1046,William Garcia,Male,58,Finance,Finance Analyst,48100,2016-04-30,,8.7,Active,Meets Expectations,Master's,NCR,1.9,16,48,28,3,2020
1047,Karen Martinez,Female,25,Marketing,Marketing Specialist,51900,2017-12-19,,7.0,Active,Meets Expectations,Bachelor's,NCR,1.3,0,52,28,3,2020
1048,Joseph Ramos,Male,40,Legal,Legal Assistant,46300,2017-08-14,2022-07-12,7.4,Resigned,Exceeds Expectations,Master's,NCR,4.2,6,54,7,1,2023
1049,Thomas Garcia,Male,26,Engineering,Senior Developer,86000,2018-06-13,,6.6,Active,Outstanding,Bachelor's,NCR,1.5,9,51,17,3,2021
1050,Gabriel Reyes,Male,49,Operations,Operations Manager,65800,2016-01-10,,9.0,Active,Exceeds Expectations,PhD,NCR,3.3,0,34,36,0,
1051,Marco Hernandez,Male,50,Finance,Senior Analyst,79200,2019-11-21,,5.1,Active,Meets Expectations,High School,NCR,2.4,10,41,6,1,2020
1052,Isabella Ramos,Female,47,Engineering,Software Architect,125800,2018-07-12,,6.5,Active,Needs Improvement,PhD,NCR,4.5,0,69,29,3,2018
1053,Paolo Dela Cruz,Male,53,Legal,Legal Assistant,38300,2017-12-29,,7.0,Active,Outstanding,Bachelor's,NCR,2.9,0,80,38,1,2023
1054,Charles Lopez,Male,22,IT,IT Support,33700,2016-04-09,,8.7,Active,Needs Improvement,PhD,Visayas,3.0,9,65,17,3,2024
1055,Isabella Flores,Female,51,Sales,VP of Sales,122500,2021-09-21,,3.3,Active,Outstanding,PhD,Luzon,2.1,13,43,32,2,2024
1056,Charles Ramos,Male,53,Sales,VP of Sales,145300,2020-06-06,,4.6,Active,Exceeds Expectations,Master's,NCR,2.8,10,24,15,3,2019
1057,Patricia Mendoza,Female,52,IT,CTO,173500,2023-11-20,,1.1,Active,Outstanding,Bachelor's,Luzon,1.5,18,42,6,3,2018
1058,Mary Garcia,Female,48,Sales,Sales Rep,43400,2023-10-07,,1.2,On Leave,Meets Expectations,Master's,NCR,3.6,10,68,24,2,2023
1059,Camille Reyes,Female,26,HR,HR Manager,67500,2023-05-17,,1.6,Active,Outstanding,PhD,NCR,3.8,3,56,10,2,2018
1060,Carlos Reyes,Male,40,Operations,Operations Manager,79100,2016-08-19,,8.4,Active,Meets Expectations,Master's,Visayas,1.7,2,78,24,1,2021
1061,Joseph Castillo,Male,38,Legal,Senior Counsel,110600,2020-03-20,2024-07-04,4.8,Resigned,Exceeds Expectations,High School,NCR,4.8,18,38,40,3,2023
1062,Sofia Ramos,Female,34,IT,CTO,137000,2017-08-29,,7.3,Active,Meets Expectations,Bachelor's,NCR,2.2,12,35,0,0,
1063,Karen Flores,Female,44,HR,HR Specialist,48200,2022-08-08,,2.4,Active,Exceeds Expectations,Master's,Visayas,3.5,20,5,19,3,2018
1064,Barbara Cruz,Female,40,Operations,COO,131500,2017-04-02,,7.8,Active,Exceeds Expectations,Bachelor's,NCR,3.0,8,21,16,3,2024
1065,Maria Bautista,Female,51,Marketing,Marketing Specialist,52400,2022-08-02,,2.4,Active,Outstanding,PhD,NCR,2.5,12,1,16,0,
1066,Ana Rivera,Female,46,Operations,Operations Coordinator,41100,2017-08-15,,7.4,Active,Exceeds Expectations,Master's,Mindanao,4.7,7,8,40,3,2023
1067,Elena Bautista,Female,30,Engineering,Junior Developer,40000,2020-07-10,,4.5,Active,Meets Expectations,Master's,Visayas,2.6,11,69,26,1,2021
1068,Marco Perez,Male,48,Finance,Finance Analyst,52100,2017-06-08,,7.6,Active,Outstanding,PhD,Mindanao,1.4,11,69,22,0,
1069,Sarah Torres,Female,29,Legal,Legal Assistant,45900,2017-05-18,,7.6,Active,Exceeds Expectations,High School,Luzon,4.1,7,16,36,1,2018
1070,Diego Torres,Male,36,Operations,Operations Specialist,64500,2015-01-12,,10.0,Active,Outstanding,Bachelor's,NCR,2.0,5,14,1,1,2018
1071,Jessica Martinez,Female,42,Engineering,Senior Developer,68700,2015-08-03,,9.4,Active,Meets Expectations,High School,NCR,1.3,14,46,32,0,
1072,Andrea Flores,Female,24,Finance,CFO,134100,2015-09-07,,9.3,On Leave,Outstanding,Bachelor's,NCR,1.4,14,9,5,2,2022
1073,Robert Garcia,Male,39,Operations,COO,159200,2020-12-13,,4.1,Active,Exceeds Expectations,Bachelor's,Luzon,4.2,3,70,13,3,2021
1074,Luis Mendoza,Male,51,IT,CTO,177800,2016-01-25,,8.9,Active,Meets Expectations,Bachelor's,Mindanao,4.8,15,8,5,0,
1075,Luis Bautista,Male,45,Sales,Sales Rep,38800,2022-07-07,,2.5,Active,Meets Expectations,Master's,NCR,4.5,1,36,38,2,2020
1076,Diego Hernandez,Male,35,Sales,VP of Sales,124700,2016-03-19,,8.8,Active,Exceeds Expectations,High School,Mindanao,3.3,13,71,39,0,
1077,Mary Gonzalez,Female,39,Finance,Finance Manager,96500,2015-01-26,,9.9,Active,Needs Improvement,Master's,NCR,1.3,20,3,5,1,2021
1078,Sofia Mendoza,Female,32,Operations,Operations Manager,88600,2018-08-21,,6.4,Active,Exceeds Expectations,High School,Luzon,1.6,19,6,5,2,2021
1079,Isabella Perez,Female,50,IT,IT Manager,77100,2023-06-20,,1.5,Active,Meets Expectations,High School,Mindanao,3.7,18,62,33,2,2018
1080,Jose Perez,Male,25,Engineering,Senior Developer,69900,2017-05-15,,7.6,Active,Exceeds Expectations,Bachelor's,Mindanao,1.5,15,55,11,1,2021
1081,Paolo Lopez,Male,44,Marketing,CMO,176500,2023-04-28,,1.7,Active,Poor,High School,Mindanao,3.3,18,51,40,3,2020
1082,Jose Santos,Male,42,Sales,VP of Sales,155200,2019-01-22,,5.9,Active,Outstanding,Bachelor's,NCR,3.4,16,10,25,2,2023
1083,Jessica Mendoza,Female,32,Marketing,Marketing Coordinator,38700,2020-09-19,,4.3,Active,Exceeds Expectations,Bachelor's,NCR,4.8,20,18,15,0,
1084,Thomas Torres,Male,33,Sales,Sales Rep,33800,2023-09-01,,1.3,Active,Meets Expectations,Master's,NCR,2.8,18,79,20,2,2019
1085,Jennifer Morales,Female,50,Finance,Finance Manager,104400,2015-08-19,,9.4,Active,Needs Improvement,Bachelor's,NCR,1.2,11,36,4,0,
1086,Sofia Martinez,Female,57,Engineering,Software Architect,157500,2022-04-23,,2.7,Active,Exceeds Expectations,Master's,Visayas,4.8,14,13,21,0,
1087,John Flores,Male,50,Legal,Legal Counsel,93800,2019-03-08,2021-11-05,5.8,Resigned,Meets Expectations,Bachelor's,NCR,3.4,20,42,4,2,2018
1088,Karen Rivera,Female,31,Operations,Operations Coordinator,39500,2022-06-11,,2.6,Active,Meets Expectations,Master's,NCR,3.6,4,76,5,2,2022
1089,Maria Garcia,Female,55,Marketing,CMO,153300,2019-01-22,,5.9,Active,Meets Expectations,Bachelor's,Mindanao,4.8,15,24,14,1,2019
1090,Charles Bautista,Male,54,Engineering,Tech Lead,118700,2023-08-05,,1.4,Active,Exceeds Expectations,Bachelor's,Visayas,1.7,19,21,28,0,
1091,Ana Flores,Female,50,Finance,CFO,160700,2020-12-27,,4.0,Active,Outstanding,PhD,NCR,4.6,6,47,36,3,2021
1092,Rosa Hernandez,Female,55,IT,IT Specialist,51500,2023-12-26,,1.0,Active,Outstanding,High School,NCR,2.9,11,70,6,0,
1093,Jennifer Gonzalez,Female,39,Legal,Legal Counsel,98700,2016-01-11,2017-10-06,9.0,Terminated,Outstanding,Bachelor's,Luzon,2.7,12,64,23,1,2021
1094,Miguel Flores,Male,23,Operations,Operations Coordinator,43700,2023-01-06,,2.0,Active,Exceeds Expectations,Bachelor's,Luzon,2.1,15,17,30,3,2022
1095,Robert Santos,Male,38,HR,HR Specialist,58000,2023-02-26,,1.8,Active,Meets Expectations,PhD,Mindanao,2.0,3,6,15,3,2023
1096,Jennifer Bautista,Female,53,Engineering,Senior Developer,83500,2016-08-11,,8.4,Active,Poor,Bachelor's,Visayas,3.3,5,10,33,2,2018
1097,Jose Morales,Male,24,IT,IT Manager,78300,2023-05-20,,1.6,Active,Exceeds Expectations,Bachelor's,Visayas,3.9,20,13,37,2,2019
1098,Miguel Lopez,Male,43,Sales,VP of Sales,155600,2020-05-14,,4.6,Active,Outstanding,High School,NCR,4.1,14,4,18,1,2018
1099,John Mendoza,Male,41,IT,CTO,146600,2015-05-30,,9.6,Active,Meets Expectations,Bachelor's,Luzon,4.5,10,34,7,2,2021
1100,Sofia Aquino,Female,43,Sales,VP of Sales,155400,2020-07-30,,4.4,Active,Exceeds Expectations,Bachelor's,Luzon,3.9,2,55,38,1,2022
1101,Maria Bautista,Female,27,Operations,Operations Manager,75000,2020-01-01,,5.0,Active,Meets Expectations,Master's,NCR,2.4,1,45,39,3,2020
1102,Robert Aquino,Male,45,Sales,Sales Rep,32700,2021-10-24,,3.2,Active,Meets Expectations,Bachelor's,Luzon,1.9,20,46,23,3,2022
1103,Gabriel Garcia,Male,50,Operations,Operations Manager,79500,2023-07-23,,1.4,Active,Needs Improvement,Bachelor's,NCR,2.3,8,31,7,0,
1104,Marco Hernandez,Male,46,Marketing,Marketing Manager,73500,2022-11-23,,2.1,Active,Outstanding,Bachelor's,NCR,4.7,15,25,7,1,2024
1105,Juan Gonzalez,Male,50,Marketing,Marketing Manager,86900,2018-11-24,,6.1,Active,Exceeds Expectations,Bachelor's,Mindanao,4.4,20,22,23,1,2018
1106,William Flores,Male,53,Engineering,Tech Lead,108200,2021-06-02,,3.6,Active,Outstanding,Master's,Visayas,3.4,2,8,19,3,2023
1107,Andrea Villanueva,Female,48,Marketing,Marketing Specialist,55400,2022-03-16,,2.8,Active,Meets Expectations,Master's,Mindanao,1.5,17,75,11,1,2021
1108,Michael Hernandez,Male,31,Finance,Senior Analyst,65300,2018-08-14,2020-05-16,6.4,Terminated,Meets Expectations,Master's,Mindanao,4.4,8,25,40,2,2019
1109,Grace Lopez,Female,27,Sales,Senior Sales Rep,50600,2022-05-22,,2.6,Active,Outstanding,Bachelor's,NCR,1.2,0,10,2,2,2023
1110,Diego Villanueva,Male,23,Legal,Senior Counsel,129800,2020-06-01,,4.6,Active,Outstanding,Bachelor's,Mindanao,2.8,1,20,28,3,2021
1111,Susan Mendoza,Female,31,Operations,Operations Manager,89100,2018-11-15,,6.1,On Leave,Needs Improvement,Bachelor's,NCR,3.2,10,30,29,0,
1112,Sofia Flores,Female,31,Marketing,Marketing Coordinator,34800,2019-04-23,2022-02-22,5.7,Resigned,Meets Expectations,PhD,Visayas,4.3,18,40,12,1,2021
1113,Isabella Ramos,Female,53,Engineering,Junior Developer,41400,2020-09-01,,4.3,Active,Meets Expectations,Master's,Mindanao,1.2,9,63,38,3,2020
1114,Michael Villanueva,Male,30,Finance,Finance Manager,110000,2019-07-10,,5.5,Active,Meets Expectations,Master's,NCR,1.8,17,36,4,3,2022
1115,Camille Rivera,Female,29,Sales,Sales Rep,40900,2019-03-09,,5.8,Active,Meets Expectations,Bachelor's,Visayas,1.8,16,51,32,0,
1116,John Garcia,Male,43,Legal,General Counsel,169500,2021-10-19,2023-01-28,3.2,Resigned,Meets Expectations,Master's,Mindanao,1.7,19,38,37,2,2022
1117,Nicole Ramos,Female,52,Engineering,Tech Lead,100900,2022-07-22,,2.4,Active,Meets Expectations,Bachelor's,NCR,4.5,20,3,38,3,2020
1118,John Martinez,Male,52,Sales,VP of Sales,119700,2022-08-20,,2.4,Active,Exceeds Expectations,Master's,Luzon,1.8,14,40,26,1,2021
1119,Luis Hernandez,Male,52,Engineering,Senior Developer,77000,2017-04-29,,7.7,Active,Outstanding,Bachelor's,NCR,2.5,5,58,34,2,2022
1120,Sarah Perez,Female,52,HR,HR Specialist,49100,2021-04-04,,3.7,Active,Outstanding,Bachelor's,Mindanao,3.8,15,40,30,2,2022
1121,Karen Bautista,Female,58,IT,CTO,183600,2018-11-14,2020-03-07,6.1,Terminated,Meets Expectations,Bachelor's,NCR,1.3,14,32,30,1,2019
1122,Camille Rivera,Female,30,Marketing,Marketing Specialist,52900,2015-07-27,,9.4,Active,Exceeds Expectations,Master's,Visayas,1.2,13,42,30,0,
1123,James Lopez,Male,32,IT,CTO,161300,2022-04-18,,2.7,Active,Outstanding,Bachelor's,Mindanao,3.6,2,73,14,0,
1124,Luis Gonzalez,Male,24,IT,CTO,142200,2023-05-26,2024-12-31,1.6,Terminated,Outstanding,High School,Mindanao,3.3,3,42,18,3,2023
1125,Barbara Hernandez,Female,51,Finance,Senior Analyst,63700,2018-09-16,,6.3,Active,Meets Expectations,Bachelor's,NCR,1.7,10,37,36,1,2019
1126,Elena Hernandez,Female,42,Marketing,CMO,163900,2016-01-26,,8.9,Active,Needs Improvement,Bachelor's,Visayas,1.0,12,30,28,2,2020
1127,Nicole Martinez,Female,22,Finance,Finance Manager,107700,2017-08-25,,7.4,Active,Needs Improvement,Bachelor's,Visayas,2.6,16,39,7,2,2020
1128,Joseph Garcia,Male,52,Sales,VP of Sales,159000,2021-10-17,,3.2,Active,Exceeds Expectations,Bachelor's,NCR,4.2,6,31,38,0,
1129,Andrea Dela Cruz,Female,26,Marketing,Marketing Coordinator,43600,2021-02-21,2022-10-08,3.9,Resigned,Exceeds Expectations,Bachelor's,Visayas,2.3,16,56,7,1,2023
1130,Jennifer Hernandez,Female,50,Engineering,Software Architect,128600,2020-10-03,,4.2,Active,Exceeds Expectations,Master's,NCR,3.7,9,2,25,2,2024
1131,Richard Martinez,Male,26,Engineering,Software Architect,142600,2022-11-08,,2.1,Active,Outstanding,High School,NCR,1.1,13,23,8,3,2020
1132,Sofia Aquino,Female,46,Marketing,Marketing Specialist,56400,2016-04-30,,8.7,Active,Exceeds Expectations,Master's,Visayas,3.9,7,0,1,2,2021
1133,Camille Aquino,Female,36,HR,HR Director,112700,2016-09-27,,8.3,Active,Outstanding,Master's,Luzon,1.1,13,78,1,1,2019
1134,Michael Perez,Male,24,Legal,Legal Assistant,39000,2023-04-22,,1.7,Active,Meets Expectations,Master's,Visayas,4.0,1,17,32,2,2019
1135,Nicole Perez,Female,42,HR,HR Manager,64700,2022-05-28,,2.6,Active,Meets Expectations,Bachelor's,Luzon,3.2,18,22,40,3,2022
1136,Patricia Dela Cruz,Female,46,Operations,COO,146800,2016-09-03,,8.3,Active,Meets Expectations,Master's,NCR,2.0,7,38,9,3,2018
1137,Elena Lopez,Female,55,Sales,VP of Sales,125900,2017-11-10,,7.1,Active,Exceeds Expectations,Bachelor's,Mindanao,1.4,6,6,17,3,2023
1138,Robert Torres,Male,57,HR,HR Director,103700,2018-09-25,,6.3,Active,Outstanding,Bachelor's,Visayas,4.8,3,61,15,1,2021
1139,Rafael Mendoza,Male,40,IT,CTO,165000,2022-04-11,,2.7,Active,Meets Expectations,Master's,NCR,2.9,15,40,13,2,2020
1140,Patricia Martinez,Female,36,Sales,Sales Rep,36500,2021-03-16,2024-12-11,3.8,Terminated,Exceeds Expectations,Bachelor's,Visayas,1.8,7,48,36,1,2021
1141,Sarah Morales,Female,53,Legal,Legal Counsel,93100,2016-11-24,,8.1,Active,Exceeds Expectations,Bachelor's,NCR,5.0,1,67,2,0,
1142,James Villanueva,Male,30,HR,HR Assistant,39600,2016-09-10,,8.3,Active,Exceeds Expectations,Bachelor's,Luzon,3.5,19,61,31,0,
1143,Rafael Lopez,Male,48,Engineering,Junior Developer,43700,2023-02-06,,1.9,Active,Outstanding,High School,NCR,4.3,13,22,6,0,
1144,Joseph Torres,Male,55,Finance,Finance Manager,93800,2023-12-01,,1.1,Active,Meets Expectations,Bachelor's,NCR,3.3,7,38,5,0,
1145,Jose Aquino,Male,46,Legal,Legal Assistant,45400,2015-02-08,,9.9,Active,Needs Improvement,PhD,NCR,3.6,10,72,6,0,
1146,Richard Martinez,Male,52,Finance,Finance Analyst,42400,2022-09-04,2024-12-31,2.3,Resigned,Exceeds Expectations,High School,Visayas,4.7,10,2,13,1,2024
1147,Jennifer Ramos,Female,32,HR,HR Director,125400,2018-09-20,,6.3,Active,Exceeds Expectations,PhD,NCR,3.9,16,44,3,0,
1148,Jessica Cruz,Female,43,IT,IT Manager,71000,2022-02-10,,2.9,Active,Outstanding,Bachelor's,Visayas,2.4,12,55,11,3,2018
1149,Jessica Cruz,Female,27,Finance,Senior Analyst,72500,2022-12-25,,2.0,Active,Meets Expectations,Bachelor's,Mindanao,2.4,2,0,19,3,2020
1150,Linda Garcia,Female,27,Sales,VP of Sales,139400,2021-03-31,,3.8,Active,Meets Expectations,High School,Luzon,2.4,2,76,38,2,2024
1151,Mary Ramos,Female,48,IT,IT Support,41900,2021-04-10,2023-02-16,3.7,Resigned,Exceeds Expectations,Bachelor's,NCR,2.5,4,34,19,2,2021
1152,Robert Gonzalez,Male,49,Finance,CFO,169300,2020-06-06,,4.6,Active,Meets Expectations,Bachelor's,NCR,3.5,19,78,12,3,2018
1153,Charles Santos,Male,47,Operations,COO,172700,2018-09-11,,6.3,Active,Meets Expectations,PhD,NCR,4.9,4,38,20,1,2021
1154,Elizabeth Aquino,Female,42,Finance,CFO,161800,2018-08-27,,6.4,Active,Outstanding,Bachelor's,Mindanao,1.5,18,25,37,1,2023
1155,Juan Torres,Male,50,Finance,Finance Analyst,53400,2022-07-19,,2.5,Active,Exceeds Expectations,Bachelor's,Mindanao,3.6,13,48,4,3,2022
1156,Nicole Aquino,Female,56,IT,IT Support,43000,2019-01-12,,6.0,Active,Outstanding,Master's,NCR,4.7,3,31,22,1,2023
1157,Diego Aquino,Male,43,IT,IT Support,30200,2016-02-08,,8.9,Active,Exceeds Expectations,Master's,NCR,3.3,18,28,28,2,2021
1158,Nicole Hernandez,Female,31,Operations,Operations Coordinator,37900,2016-03-04,,8.8,Active,Outstanding,High School,Luzon,4.3,4,44,19,2,2021
1159,Paolo Morales,Male,44,Legal,Legal Assistant,42200,2023-02-05,,1.9,Active,Meets Expectations,Bachelor's,Luzon,4.2,3,2,21,0,
1160,Joseph Hernandez,Male,33,Sales,Sales Manager,88300,2019-10-13,2021-07-28,5.2,Terminated,Exceeds Expectations,Master's,Visayas,1.7,13,50,1,1,2021
1161,Rosa Santos,Female,35,HR,HR Manager,84700,2022-11-22,,2.1,Active,Needs Improvement,High School,NCR,1.7,10,25,29,0,
1162,Isabella Hernandez,Female,42,IT,CTO,168500,2016-04-12,,8.7,Active,Outstanding,Master's,Visayas,4.3,9,78,37,0,
1163,Carlos Bautista,Male,37,Finance,Finance Analyst,46000,2019-03-10,,5.8,Active,Exceeds Expectations,Bachelor's,NCR,1.6,12,54,11,3,2023
1164,Rafael Gonzalez,Male,53,Finance,Senior Analyst,66100,2018-07-12,,6.5,Active,Exceeds Expectations,PhD,Mindanao,4.8,15,17,12,3,2022
1165,Elena Morales,Female,48,Legal,General Counsel,171900,2015-12-05,,9.1,Active,Exceeds Expectations,Bachelor's,Mindanao,1.1,7,68,18,1,2024
1166,Nicole Morales,Female,57,Marketing,Marketing Coordinator,34400,2023-09-10,,1.3,Active,Outstanding,Master's,Luzon,4.0,14,69,13,3,2018
1167,Charles Reyes,Male,50,Finance,Finance Manager,113300,2015-12-23,,9.0,Active,Outstanding,PhD,Visayas,1.8,18,44,39,3,2019
1168,Richard Torres,Male,25,Operations,Operations Manager,84600,2021-01-15,,4.0,Active,Outstanding,Bachelor's,Mindanao,3.3,16,12,8,3,2018
1169,Barbara Garcia,Female,37,Sales,Sales Manager,97100,2017-10-10,,7.2,Active,Exceeds Expectations,Bachelor's,Visayas,3.3,8,80,26,3,2021
1170,Robert Aquino,Male,54,Finance,Finance Manager,99900,2020-06-22,,4.5,Active,Poor,PhD,NCR,1.4,14,45,4,3,2019
1171,Susan Morales,Female,39,Operations,Operations Manager,76100,2021-02-19,,3.9,Active,Exceeds Expectations,Bachelor's,Mindanao,4.6,1,5,6,3,2018
1172,David Castillo,Male,51,Engineering,Software Architect,133300,2022-09-21,2024-12-31,2.3,Resigned,Meets Expectations,PhD,Mindanao,1.4,11,32,5,2,2023
1173,John Aquino,Male,41,HR,HR Director,96000,2022-11-22,,2.1,Active,Meets Expectations,High School,Visayas,3.4,16,56,0,0,
1174,Linda Villanueva,Female,30,Legal,Legal Assistant,38800,2019-04-19,,5.7,Active,Outstanding,High School,Mindanao,2.5,9,17,24,1,2023
1175,Robert Hernandez,Male,58,Engineering,Senior Developer,74400,2018-12-09,,6.1,Active,Exceeds Expectations,Bachelor's,NCR,3.5,14,27,5,0,
1176,Michael Martinez,Male,46,Operations,COO,140600,2023-11-15,,1.1,Active,Meets Expectations,High School,Visayas,3.2,19,77,18,0,
1177,Susan Hernandez,Female,54,HR,HR Director,109400,2022-03-31,,2.8,Active,Outstanding,Bachelor's,NCR,2.5,7,63,40,0,
1178,Miguel Mendoza,Male,30,IT,CTO,153900,2021-02-15,,3.9,Active,Exceeds Expectations,PhD,Luzon,1.1,2,1,16,1,2018
1179,Jose Hernandez,Male,40,IT,CTO,176000,2019-07-06,,5.5,Active,Exceeds Expectations,Master's,Visayas,2.1,9,10,32,1,2024
1180,Rafael Mendoza,Male,47,Marketing,Marketing Manager,87900,2019-11-27,,5.1,Active,Outstanding,High School,Visayas,1.3,13,14,29,0,
1181,Elizabeth Bautista,Female,22,Sales,Sales Rep,33400,2020-07-26,2023-12-29,4.4,Terminated,Exceeds Expectations,PhD,NCR,2.0,11,16,17,0,
1182,Carlos Villanueva,Male,39,Marketing,Marketing Manager,88300,2021-06-19,,3.5,Active,Meets Expectations,Master's,Mindanao,1.2,18,21,23,1,2020
1183,Diego Bautista,Male,36,Engineering,Junior Developer,49100,2015-02-20,,9.9,Active,Meets Expectations,Bachelor's,Visayas,1.7,1,70,26,1,2020
1184,Luis Mendoza,Male,39,Marketing,Marketing Manager,68900,2020-08-18,,4.4,Active,Needs Improvement,Bachelor's,NCR,4.9,12,8,29,2,2024
1185,Maria Cruz,Female,57,Legal,Legal Assistant,41000,2017-04-01,,7.8,Active,Exceeds Expectations,Master's,NCR,2.0,11,75,31,1,2023
1186,William Santos,Male,48,Engineering,Senior Developer,77700,2018-11-19,,6.1,Active,Exceeds Expectations,High School,Mindanao,1.0,12,39,6,1,2022
1187,Luis Morales,Male,25,Sales,Sales Manager,73000,2015-06-29,2018-11-24,9.5,Resigned,Meets Expectations,Bachelor's,NCR,4.9,2,74,6,1,2023
1188,Jennifer Martinez,Female,58,Engineering,Software Architect,128600,2017-08-27,,7.4,Active,Outstanding,PhD,NCR,3.8,10,40,28,2,2019
1189,Richard Garcia,Male,28,Sales,Sales Rep,33400,2020-01-16,,5.0,Active,Meets Expectations,Master's,Mindanao,4.9,6,57,19,3,2020
1190,Robert Gonzalez,Male,41,Engineering,Senior Developer,87400,2018-09-04,,6.3,Active,Exceeds Expectations,Bachelor's,NCR,3.1,9,33,11,0,
1191,Sofia Lopez,Female,57,HR,HR Assistant,35600,2016-02-22,,8.9,Active,Needs Improvement,High School,Luzon,4.3,7,16,12,3,2020
1192,Diego Martinez,Male,38,Marketing,Marketing Coordinator,31100,2017-03-20,2020-03-12,7.8,Resigned,Outstanding,High School,Mindanao,1.5,14,6,10,3,2024
1193,Isabella Santos,Female,46,IT,IT Specialist,56600,2017-05-29,2019-06-11,7.6,Resigned,Meets Expectations,Bachelor's,Luzon,3.5,19,31,18,3,2021
1194,Patricia Cruz,Female,39,IT,IT Specialist,58700,2017-03-27,,7.8,Active,Exceeds Expectations,Bachelor's,NCR,5.0,17,2,24,2,2021
1195,Ana Martinez,Female,54,Operations,COO,137700,2017-01-06,,8.0,Active,Exceeds Expectations,High School,Mindanao,1.2,15,67,22,1,2019
1196,Joseph Flores,Male,39,Engineering,Senior Developer,78900,2023-12-11,,1.1,Active,Outstanding,PhD,Visayas,1.7,18,40,22,0,
1197,Nicole Martinez,Female,31,HR,HR Director,125500,2018-06-19,,6.5,Active,Poor,High School,Visayas,3.4,0,67,30,0,
1198,Grace Torres,Female,30,Operations,Operations Specialist,55600,2015-09-01,,9.3,Active,Exceeds Expectations,Bachelor's,Luzon,4.4,11,9,23,3,2022
1199,Carlos Ramos,Male,42,Sales,Senior Sales Rep,69000,2019-11-25,,5.1,Active,Outstanding,Master's,Mindanao,1.7,17,78,22,1,2023
1200,Jose Ramos,Male,40,Sales,Senior Sales Rep,68900,2015-01-08,2018-09-22,10.0,Terminated,Meets Expectations,PhD,NCR,1.1,19,40,39,1,2023
1201,Marco Garcia,Male,43,Marketing,Marketing Specialist,56400,2018-08-01,,6.4,Active,Outstanding,High School,NCR,3.7,10,57,0,2,2019
1202,Robert Dela Cruz,Male,38,Marketing,Marketing Coordinator,30800,2019-04-30,,5.7,Active,Meets Expectations,Bachelor's,NCR,3.0,12,44,34,3,2018
1203,Nicole Flores,Female,32,Legal,Legal Assistant,48100,2015-05-17,,9.6,Active,Meets Expectations,High School,Luzon,2.4,12,20,4,0,
1204,Grace Perez,Female,52,Engineering,Software Architect,130800,2021-10-23,2023-03-08,3.2,Resigned,Needs Improvement,Bachelor's,Visayas,4.9,13,70,34,2,2023
1205,Karen Flores,Female,28,Engineering,Software Architect,157500,2021-03-01,,3.8,Active,Meets Expectations,Bachelor's,Luzon,2.7,9,80,38,3,2019
1206,James Torres,Male,32,Finance,Finance Analyst,55500,2016-04-18,,8.7,Active,Meets Expectations,Bachelor's,NCR,2.1,20,69,24,1,2020
1207,Ana Gonzalez,Female,50,Engineering,Tech Lead,104400,2020-03-19,,4.8,Active,Outstanding,Master's,Luzon,1.6,3,10,22,3,2024
1208,Rafael Reyes,Male,46,IT,CTO,167500,2017-08-23,,7.4,Active,Needs Improvement,PhD,NCR,1.1,18,66,36,1,2018
1209,Elizabeth Gonzalez,Female,35,HR,HR Specialist,41400,2019-10-01,,5.3,Active,Exceeds Expectations,Bachelor's,NCR,1.6,19,33,20,0,
1210,Jose Lopez,Male,47,Operations,Operations Manager,82000,2020-02-20,2020-09-12,4.9,Resigned,Exceeds Expectations,Master's,NCR,3.1,13,14,26,1,2019
1211,Michael Martinez,Male,28,Finance,Finance Manager,113800,2019-08-11,,5.4,Active,Exceeds Expectations,Master's,NCR,2.9,5,35,25,1,2022
1212,Patricia Aquino,Female,43,HR,HR Assistant,35800,2018-01-05,2018-08-14,7.0,Resigned,Meets Expectations,PhD,Mindanao,2.2,15,12,14,1,2020
1213,Maria Rivera,Female,48,Marketing,Marketing Specialist,59500,2017-05-15,2020-02-22,7.6,Resigned,Exceeds Expectations,PhD,NCR,4.5,1,65,10,0,
1214,Andrea Aquino,Female,30,Engineering,Senior Developer,66300,2017-04-02,,7.8,Active,Meets Expectations,Bachelor's,Luzon,4.7,6,35,23,3,2022
1215,Linda Santos,Female,37,Operations,COO,158900,2020-01-02,,5.0,Active,Outstanding,Master's,NCR,2.4,5,33,5,2,2018
1216,Patricia Gonzalez,Female,58,HR,HR Specialist,47400,2022-08-07,,2.4,Active,Exceeds Expectations,Master's,Luzon,4.5,0,60,8,1,2022
1217,Joseph Rivera,Male,41,Finance,CFO,179300,2018-11-29,,6.1,Active,Meets Expectations,Bachelor's,NCR,3.1,19,50,37,0,
1218,Paolo Dela Cruz,Male,57,Finance,Finance Manager,107400,2016-03-18,,8.8,Active,Meets Expectations,Bachelor's,NCR,2.3,8,33,19,1,2019
1219,John Perez,Male,47,Operations,Operations Specialist,45800,2022-05-08,,2.7,Active,Meets Expectations,Bachelor's,NCR,2.6,1,74,36,1,2020
1220,Rafael Morales,Male,44,Finance,Senior Analyst,81500,2021-04-05,,3.7,Active,Needs Improvement,Bachelor's,NCR,2.0,17,23,21,0,
1221,Miguel Flores,Male,41,IT,IT Manager,82200,2017-12-03,,7.1,Active,Meets Expectations,High School,NCR,1.2,20,74,37,0,
1222,Susan Hernandez,Female,29,IT,IT Manager,83500,2015-08-10,2016-12-10,9.4,Resigned,Needs Improvement,Bachelor's,Mindanao,2.6,18,58,9,2,2024
1223,Robert Morales,Male,43,Sales,Sales Manager,90800,2015-08-26,,9.4,Active,Meets Expectations,PhD,Visayas,3.3,5,62,5,1,2022
1224,Elena Aquino,Female,49,Legal,General Counsel,150600,2015-06-04,,9.6,Active,Exceeds Expectations,High School,Mindanao,4.0,16,24,1,0,
1225,Joseph Dela Cruz,Male,41,Sales,Sales Rep,40600,2020-08-23,,4.4,Active,Meets Expectations,PhD,Luzon,2.2,9,58,33,2,2021
1226,Carlos Morales,Male,44,HR,HR Specialist,53200,2015-03-20,,9.8,Active,Exceeds Expectations,Bachelor's,Visayas,3.9,18,64,10,0,
1227,Patricia Aquino,Female,38,Engineering,Junior Developer,45800,2016-03-18,,8.8,Active,Poor,Master's,Luzon,2.7,12,15,35,2,2021
1228,Richard Santos,Male,41,IT,IT Support,40900,2020-11-01,,4.2,Active,Exceeds Expectations,Bachelor's,NCR,4.3,3,65,39,0,
1229,Linda Bautista,Female,53,HR,HR Specialist,48600,2020-11-12,,4.1,On Leave,Meets Expectations,Bachelor's,Mindanao,1.6,17,63,13,3,2020
1230,James Santos,Male,27,Marketing,CMO,129800,2016-01-04,,9.0,Active,Needs Improvement,Master's,Luzon,4.6,20,29,29,2,2020
1231,Patricia Bautista,Female,33,Engineering,Tech Lead,101800,2023-12-28,,1.0,Active,Meets Expectations,High School,Luzon,4.4,1,1,8,1,2020
1232,Sofia Perez,Female,39,Marketing,Marketing Manager,76200,2017-01-19,,8.0,Active,Meets Expectations,Bachelor's,Mindanao,4.3,15,53,10,0,
1233,John Gonzalez,Male,28,IT,CTO,182600,2021-05-19,,3.6,Active,Meets Expectations,Bachelor's,Mindanao,3.4,4,61,31,0,
1234,Sofia Reyes,Female,26,Finance,Finance Manager,85400,2022-11-25,2024-12-31,2.1,Resigned,Exceeds Expectations,Master's,NCR,3.3,10,66,33,0,
1235,Jessica Morales,Female,44,IT,IT Specialist,63300,2021-11-15,,3.1,Active,Exceeds Expectations,Bachelor's,NCR,4.4,15,21,4,3,2020
1236,Carlos Rivera,Male,25,HR,HR Director,116400,2017-08-20,,7.4,Active,Meets Expectations,Master's,NCR,1.4,15,57,20,0,
1237,Mary Bautista,Female,47,IT,IT Support,39100,2021-02-27,,3.8,Active,Needs Improvement,Master's,NCR,3.6,16,71,13,3,2020
1238,Patricia Flores,Female,51,Operations,COO,167000,2022-05-15,,2.6,Active,Meets Expectations,High School,NCR,1.9,10,45,40,2,2022
1239,Linda Reyes,Female,32,Legal,Legal Counsel,96800,2016-03-14,,8.8,Active,Meets Expectations,High School,NCR,1.9,6,43,6,3,2018
1240,Juan Castillo,Male,54,Sales,VP of Sales,110300,2020-12-12,,4.1,Active,Exceeds Expectations,Bachelor's,NCR,2.9,16,22,37,1,2023
1241,Michael Aquino,Male,42,IT,CTO,169900,2022-10-07,,2.2,Active,Meets Expectations,Bachelor's,Mindanao,2.8,4,17,26,2,2024
1242,Camille Torres,Female,34,HR,HR Manager,82500,2018-11-15,2020-02-09,6.1,Resigned,Outstanding,Master's,Visayas,3.0,20,41,7,2,2022
1243,Nicole Martinez,Female,48,Finance,CFO,131700,2020-11-11,,4.1,Active,Meets Expectations,High School,NCR,1.2,8,20,18,2,2019
1244,Charles Torres,Male,56,Engineering,Tech Lead,116700,2020-01-28,,4.9,Active,Outstanding,Master's,NCR,4.5,20,71,24,1,2022
1245,Patricia Aquino,Female,46,IT,IT Manager,88100,2015-08-09,,9.4,Active,Meets Expectations,Master's,NCR,4.3,20,47,37,1,2024
1246,Charles Castillo,Male,33,Marketing,Marketing Specialist,50700,2023-03-30,,1.8,Active,Meets Expectations,Bachelor's,Mindanao,3.2,4,20,37,2,2018
1247,Sofia Garcia,Female,24,Sales,Sales Manager,89600,2015-07-28,,9.4,Active,Exceeds Expectations,PhD,NCR,2.2,18,70,22,0,
1248,Andrea Flores,Female,33,Marketing,Marketing Specialist,58600,2021-02-02,,3.9,Active,Needs Improvement,Bachelor's,Visayas,3.7,10,46,18,1,2024
1249,Camille Santos,Female,29,Operations,COO,135800,2022-03-15,,2.8,Active,Exceeds Expectations,High School,NCR,4.5,12,14,24,2,2022
1250,Mary Hernandez,Female,45,Legal,General Counsel,155700,2018-04-29,2019-11-24,6.7,Resigned,Meets Expectations,High School,Luzon,1.7,17,68,0,0,
1251,Richard Villanueva,Male,28,HR,HR Director,94700,2023-05-18,,1.6,Active,Poor,Master's,Mindanao,1.2,2,6,11,2,2022
1252,Diego Flores,Male,38,IT,CTO,159600,2022-01-25,,2.9,Active,Meets Expectations,Bachelor's,NCR,1.5,0,79,4,0,
1253,Miguel Hernandez,Male,28,Finance,Finance Manager,104900,2015-12-21,,9.0,Active,Outstanding,Bachelor's,NCR,4.3,0,60,10,1,2019
1254,Camille Ramos,Female,31,Finance,Finance Manager,85400,2021-03-17,2022-06-29,3.8,Resigned,Needs Improvement,High School,NCR,3.4,17,70,5,2,2019
1255,Susan Villanueva,Female,54,Sales,Senior Sales Rep,51000,2017-06-23,,7.5,Active,Meets Expectations,High School,Visayas,3.7,18,6,35,3,2023
1256,Charles Cruz,Male,38,Marketing,Marketing Specialist,64000,2020-06-18,2022-12-16,4.5,Terminated,Needs Improvement,Master's,Visayas,1.4,19,8,12,2,2021
1257,Maria Perez,Female,41,Sales,Sales Manager,96500,2018-07-19,2019-12-26,6.5,Terminated,Poor,Bachelor's,Visayas,3.8,20,55,17,2,2019
1258,Isabella Castillo,Female,50,Operations,Operations Manager,81000,2021-03-09,,3.8,Active,Exceeds Expectations,High School,Mindanao,4.4,4,68,12,2,2023
1259,Robert Santos,Male,54,Engineering,Software Architect,158700,2017-05-21,2020-12-20,7.6,Resigned,Meets Expectations,Master's,NCR,3.6,4,46,25,1,2024
1260,Barbara Castillo,Female,54,Marketing,CMO,143800,2020-08-18,,4.4,Active,Meets Expectations,PhD,NCR,3.7,16,17,28,1,2019
1261,Marco Dela Cruz,Male,24,HR,HR Director,105200,2015-09-15,,9.3,Active,Meets Expectations,Master's,Visayas,3.1,11,49,30,3,2018
1262,Carlos Bautista,Male,55,Finance,Finance Manager,104000,2021-02-07,,3.9,Active,Meets Expectations,Bachelor's,Mindanao,3.4,2,66,16,3,2019
1263,Ana Dela Cruz,Female,53,Legal,Legal Assistant,43200,2016-07-23,,8.4,Active,Meets Expectations,Master's,NCR,2.1,4,23,10,2,2022
1264,Joseph Villanueva,Male,43,Marketing,CMO,164300,2020-05-15,,4.6,Active,Exceeds Expectations,Master's,NCR,1.1,1,16,36,1,2019
1265,Diego Garcia,Male,25,Sales,Sales Manager,75900,2020-10-17,2024-08-24,4.2,Terminated,Outstanding,Master's,Luzon,4.5,9,10,13,3,2022
1266,Isabella Gonzalez,Female,36,IT,IT Specialist,64100,2023-08-10,,1.4,Active,Exceeds Expectations,Bachelor's,Visayas,3.9,10,58,38,0,
1267,Jose Aquino,Male,30,Marketing,Marketing Coordinator,33300,2020-11-11,,4.1,Active,Exceeds Expectations,Bachelor's,Visayas,3.4,5,60,39,0,
1268,Robert Morales,Male,30,Engineering,Software Architect,154200,2019-09-20,,5.3,Active,Poor,Master's,NCR,1.9,15,48,22,0,
1269,Barbara Rivera,Female,52,HR,HR Assistant,32600,2021-09-16,2024-06-28,3.3,Resigned,Meets Expectations,High School,NCR,4.0,0,73,33,0,
1270,Jose Torres,Male,42,IT,IT Manager,73500,2016-09-25,,8.3,Active,Exceeds Expectations,Bachelor's,NCR,2.7,11,78,17,3,2024
1271,Luis Lopez,Male,57,Legal,Legal Counsel,94300,2021-04-09,,3.7,Active,Meets Expectations,Bachelor's,NCR,2.4,12,17,7,1,2021
1272,Michael Torres,Male,54,IT,IT Manager,96200,2021-03-05,,3.8,Active,Exceeds Expectations,High School,Visayas,2.6,20,0,5,1,2021
1273,Jennifer Cruz,Female,38,HR,HR Manager,62600,2021-10-30,,3.2,Active,Meets Expectations,Bachelor's,NCR,3.6,9,76,3,1,2023
1274,Sofia Santos,Female,34,Finance,Senior Analyst,61100,2023-10-17,,1.2,Active,Exceeds Expectations,Bachelor's,NCR,1.7,1,46,15,0,
1275,Robert Rivera,Male,47,Operations,COO,146600,2021-07-28,,3.4,Active,Poor,Master's,Luzon,4.7,17,36,35,2,2020
1276,Jessica Perez,Female,34,Legal,General Counsel,150600,2017-12-05,,7.1,Active,Exceeds Expectations,Master's,Luzon,3.0,10,14,32,2,2022
1277,Sofia Aquino,Female,58,Legal,Legal Counsel,92300,2023-09-12,,1.3,Active,Meets Expectations,Master's,Luzon,2.9,8,8,24,1,2023
1278,Carlos Villanueva,Male,44,Engineering,Tech Lead,98100,2018-03-22,,6.8,Active,Exceeds Expectations,PhD,Mindanao,1.3,5,60,20,2,2019
1279,Elizabeth Torres,Female,53,HR,HR Specialist,47900,2017-12-23,,7.0,Active,Meets Expectations,Bachelor's,NCR,2.4,3,15,5,3,2022
1280,Rafael Reyes,Male,52,Operations,Operations Manager,81100,2021-06-11,2024-09-08,3.6,Resigned,Meets Expectations,PhD,NCR,2.1,7,73,8,0,
1281,Isabella Lopez,Female,24,Operations,COO,176400,2022-09-12,,2.3,Active,Meets Expectations,High School,NCR,3.1,10,1,0,1,2021
1282,Carlos Dela Cruz,Male,38,Sales,Sales Manager,77800,2018-01-08,,7.0,Active,Exceeds Expectations,Bachelor's,Visayas,3.0,6,53,23,2,2024
1283,Sarah Castillo,Female,33,Sales,Senior Sales Rep,48300,2023-01-31,,1.9,Active,Meets Expectations,Bachelor's,NCR,1.8,4,60,0,1,2021
1284,Barbara Hernandez,Female,56,Operations,COO,139700,2017-10-24,,7.2,Active,Exceeds Expectations,Bachelor's,Luzon,3.8,1,27,16,3,2024
1285,Juan Mendoza,Male,38,Operations,Operations Manager,83400,2021-04-02,2023-03-10,3.8,Terminated,Meets Expectations,Bachelor's,Luzon,2.4,19,25,36,1,2024
1286,Ana Mendoza,Female,54,Legal,General Counsel,160300,2019-04-10,,5.7,Active,Meets Expectations,Bachelor's,Visayas,3.6,10,53,40,3,2024
1287,Robert Gonzalez,Male,43,HR,HR Manager,70400,2022-04-28,,2.7,Active,Meets Expectations,Master's,NCR,2.1,14,46,37,3,2021
1288,David Santos,Male,30,HR,HR Manager,84400,2022-11-10,,2.1,Active,Meets Expectations,Bachelor's,Luzon,1.4,15,70,3,0,
1289,Andrea Cruz,Female,28,Finance,Senior Analyst,62800,2022-05-06,2024-12-31,2.7,Terminated,Meets Expectations,Bachelor's,NCR,2.1,20,16,8,1,2018
1290,Miguel Mendoza,Male,52,Legal,Senior Counsel,145900,2019-12-28,,5.0,Active,Outstanding,Master's,Visayas,3.4,14,80,40,3,2022
1291,Ana Morales,Female,56,HR,HR Assistant,35200,2018-06-15,,6.6,Active,Meets Expectations,Bachelor's,Luzon,1.0,4,44,18,3,2022
1292,Marco Morales,Male,41,Engineering,Software Architect,139200,2021-09-11,,3.3,Active,Poor,Bachelor's,Visayas,2.6,17,55,25,1,2019
1293,Rosa Flores,Female,38,Marketing,CMO,161000,2017-09-08,,7.3,Active,Exceeds Expectations,Master's,NCR,3.7,9,68,17,3,2019
1294,David Garcia,Male,40,Marketing,CMO,160500,2020-01-29,,4.9,Active,Exceeds Expectations,Bachelor's,Mindanao,1.1,1,68,1,1,2018
1295,Sarah Garcia,Female,50,Engineering,Senior Developer,63000,2016-09-09,,8.3,Active,Meets Expectations,Bachelor's,Mindanao,4.1,15,47,29,0,
1296,Jennifer Garcia,Female,25,Finance,CFO,139400,2021-02-02,,3.9,Active,Meets Expectations,PhD,Mindanao,4.3,0,15,15,3,2024
1297,Jessica Reyes,Female,34,Legal,Legal Assistant,43500,2022-06-20,,2.5,On Leave,Meets Expectations,Master's,Mindanao,4.7,5,80,2,0,
1298,Isabella Ramos,Female,34,Operations,Operations Coordinator,44200,2022-06-23,,2.5,Active,Needs Improvement,Master's,NCR,2.3,5,35,37,0,
1299,Jessica Santos,Female,24,Legal,Legal Counsel,94300,2023-08-24,,1.4,Active,Meets Expectations,High School,NCR,3.5,20,7,3,2,2023
1300,Rafael Bautista,Male,30,Legal,Legal Counsel,90800,2021-04-06,,3.7,Active,Exceeds Expectations,PhD,NCR,3.9,0,48,22,1,2020
1301,Marco Castillo,Male,57,Finance,CFO,154900,2021-05-10,,3.6,Active,Meets Expectations,Master's,NCR,2.1,19,70,10,0,
1302,Juan Ramos,Male,38,Operations,COO,120000,2023-09-14,,1.3,Active,Meets Expectations,Bachelor's,Luzon,3.5,11,79,15,2,2023
1303,Rafael Aquino,Male,34,Legal,Legal Counsel,88600,2018-08-14,,6.4,Active,Meets Expectations,High School,NCR,3.6,1,16,11,0,
1304,Michael Morales,Male,34,Marketing,Marketing Coordinator,39400,2022-03-13,,2.8,Active,Exceeds Expectations,Master's,NCR,3.8,8,6,23,1,2022
1305,James Torres,Male,53,Marketing,CMO,172500,2022-03-02,,2.8,Active,Exceeds Expectations,Bachelor's,Mindanao,4.2,1,78,17,0,
1306,Charles Cruz,Male,35,Marketing,Marketing Coordinator,41900,2017-08-04,,7.4,Active,Meets Expectations,Master's,NCR,2.0,20,22,35,3,2023
1307,Diego Dela Cruz,Male,51,IT,IT Support,32700,2023-11-20,,1.1,Active,Meets Expectations,Bachelor's,NCR,1.6,19,56,22,2,2022
1308,Ana Villanueva,Female,49,Operations,Operations Specialist,63500,2021-02-12,,3.9,Active,Exceeds Expectations,Master's,Mindanao,2.4,14,57,25,0,
1309,Charles Perez,Male,23,Sales,Sales Manager,70200,2018-05-15,,6.6,On Leave,Meets Expectations,Bachelor's,Luzon,4.1,8,70,32,1,2018
1310,Juan Dela Cruz,Male,31,Sales,Sales Manager,82000,2021-07-12,,3.5,Active,Meets Expectations,Bachelor's,Luzon,3.3,18,27,4,2,2024
1311,Elizabeth Morales,Female,58,Marketing,Marketing Manager,66200,2023-03-13,,1.8,Active,Meets Expectations,PhD,Luzon,4.7,10,44,27,3,2024
1312,Joseph Perez,Male,22,IT,IT Support,35000,2020-11-17,,4.1,Active,Exceeds Expectations,Bachelor's,Mindanao,3.0,7,19,3,3,2021
1313,Joseph Villanueva,Male,40,IT,IT Specialist,49300,2018-10-08,,6.2,Active,Exceeds Expectations,High School,NCR,2.6,2,51,32,3,2024
1314,William Morales,Male,57,HR,HR Director,115900,2022-04-25,,2.7,Active,Exceeds Expectations,Master's,NCR,2.0,2,34,27,2,2023
1315,Michael Villanueva,Male,49,Operations,Operations Manager,71200,2018-08-06,,6.4,Active,Exceeds Expectations,PhD,Mindanao,1.7,11,78,28,1,2021
1316,Joseph Torres,Male,45,Sales,Sales Rep,31700,2023-04-18,,1.7,Active,Outstanding,Bachelor's,Mindanao,1.1,3,39,28,3,2018
1317,Susan Lopez,Female,35,HR,HR Manager,78000,2020-06-01,,4.6,Active,Outstanding,Master's,NCR,3.7,12,74,33,0,
1318,Elizabeth Reyes,Female,40,HR,HR Manager,61700,2020-03-19,,4.8,Active,Poor,Bachelor's,NCR,2.1,11,13,1,2,2024
1319,Jessica Aquino,Female,54,Marketing,Marketing Manager,80900,2021-09-11,,3.3,Active,Meets Expectations,Master's,NCR,3.2,0,5,15,2,2020
1320,Rosa Gonzalez,Female,23,Operations,Operations Manager,76600,2022-01-04,,3.0,Active,Outstanding,Master's,Mindanao,4.2,20,32,24,0,
1321,Jessica Garcia,Female,43,IT,IT Specialist,47900,2023-03-09,,1.8,Active,Outstanding,Master's,NCR,3.7,13,30,36,1,2021
1322,Grace Mendoza,Female,50,Sales,Senior Sales Rep,66400,2016-07-21,,8.5,Active,Exceeds Expectations,Bachelor's,Visayas,2.2,16,17,27,1,2023
1323,Carlos Cruz,Male,57,Marketing,Marketing Specialist,55400,2016-08-19,,8.4,Active,Exceeds Expectations,Bachelor's,NCR,2.2,20,35,9,1,2018
1324,David Santos,Male,39,HR,HR Specialist,47600,2022-09-16,,2.3,Active,Needs Improvement,PhD,NCR,1.5,19,60,23,1,2024
1325,Isabella Morales,Female,30,Sales,Senior Sales Rep,52400,2015-05-13,,9.6,Active,Outstanding,Bachelor's,NCR,1.9,6,26,4,1,2021
1326,Maria Castillo,Female,37,IT,CTO,180900,2015-06-21,,9.5,Active,Outstanding,Master's,Mindanao,2.6,18,76,34,0,
1327,Juan Castillo,Male,24,HR,HR Director,92600,2021-04-03,,3.7,Active,Exceeds Expectations,High School,Visayas,2.2,12,38,18,3,2019
1328,Karen Perez,Female,25,Sales,VP of Sales,152300,2020-01-25,,4.9,Active,Exceeds Expectations,Bachelor's,NCR,4.8,17,17,25,3,2020
1329,Mary Gonzalez,Female,51,HR,HR Director,95900,2017-10-21,,7.2,Active,Exceeds Expectations,Master's,Visayas,3.9,3,11,7,3,2023
1330,Jennifer Hernandez,Female,46,Sales,VP of Sales,146100,2019-04-08,,5.7,Active,Meets Expectations,Bachelor's,NCR,4.5,4,20,9,1,2024
1331,Luis Ramos,Male,41,Legal,Senior Counsel,121800,2016-04-26,2017-12-12,8.7,Resigned,Poor,PhD,Mindanao,1.0,15,63,34,0,
1332,Jessica Torres,Female,52,Legal,General Counsel,207900,2015-11-22,,9.1,Active,Poor,Master's,Mindanao,3.5,17,26,3,1,2019
1333,Miguel Reyes,Male,31,Engineering,Tech Lead,100800,2015-12-26,,9.0,Active,Meets Expectations,Bachelor's,Visayas,3.7,19,76,36,1,2021
1334,Patricia Cruz,Female,41,Operations,Operations Manager,77400,2015-10-05,,9.2,Active,Outstanding,High School,Mindanao,2.9,3,35,21,3,2022
1335,Richard Perez,Male,25,Marketing,Marketing Coordinator,37900,2023-02-13,,1.9,Active,Outstanding,Master's,Mindanao,2.7,10,33,33,2,2019
1336,Andrea Morales,Female,53,Sales,Senior Sales Rep,68200,2018-04-04,,6.7,On Leave,Poor,High School,NCR,3.5,3,26,39,3,2021
1337,Carlos Dela Cruz,Male,57,HR,HR Assistant,38500,2017-04-04,,7.7,Active,Meets Expectations,High School,Mindanao,2.2,17,41,0,0,
1338,Maria Aquino,Female,58,Engineering,Senior Developer,66400,2018-09-15,,6.3,Active,Outstanding,Bachelor's,NCR,4.2,20,17,30,1,2023
1339,Camille Mendoza,Female,51,IT,IT Support,43700,2020-11-04,,4.2,Active,Exceeds Expectations,Bachelor's,NCR,3.1,6,73,21,2,2018
1340,Thomas Santos,Male,43,IT,IT Specialist,63700,2021-10-16,,3.2,Active,Exceeds Expectations,PhD,Mindanao,3.8,10,4,17,3,2018
1341,Jessica Dela Cruz,Female,50,Finance,Senior Analyst,77200,2018-05-23,,6.6,Active,Meets Expectations,High School,Visayas,4.7,14,64,1,3,2022
1342,Richard Mendoza,Male,52,Finance,Finance Manager,89700,2023-08-18,2024-12-31,1.4,Resigned,Exceeds Expectations,Bachelor's,Visayas,3.9,14,49,33,0,
1343,Charles Reyes,Male,27,Operations,COO,178300,2015-07-08,,9.5,Active,Exceeds Expectations,Master's,Mindanao,1.1,9,26,20,1,2019
1344,Sarah Lopez,Female,42,Legal,Legal Assistant,39500,2016-09-03,,8.3,Active,Needs Improvement,Master's,NCR,3.1,6,69,22,2,2020
1345,Charles Martinez,Male,37,Sales,Sales Rep,38200,2021-11-16,2024-12-31,3.1,Resigned,Meets Expectations,Bachelor's,Luzon,2.9,1,13,24,0,
1346,Luis Aquino,Male,33,Legal,Senior Counsel,130500,2018-09-23,,6.3,Active,Exceeds Expectations,Master's,NCR,1.3,14,72,8,0,
1347,Linda Castillo,Female,41,Legal,General Counsel,180400,2017-07-05,,7.5,Active,Outstanding,Bachelor's,Mindanao,2.6,10,41,29,3,2018
1348,Marco Bautista,Male,44,Legal,General Counsel,172400,2018-03-02,,6.8,Active,Exceeds Expectations,Bachelor's,NCR,1.4,3,41,35,0,
1349,Camille Castillo,Female,47,IT,IT Specialist,65300,2017-09-25,,7.3,Active,Outstanding,Bachelor's,Luzon,2.4,18,55,27,2,2022
1350,David Cruz,Male,58,Legal,Legal Assistant,44700,2021-09-07,,3.3,Active,Exceeds Expectations,PhD,NCR,1.7,12,8,38,0,
1351,Maria Morales,Female,25,Marketing,Marketing Specialist,49600,2021-07-06,2024-12-31,3.5,Resigned,Outstanding,PhD,Visayas,3.6,14,68,18,3,2022
1352,Susan Torres,Female,42,Finance,Finance Manager,99200,2023-01-19,,2.0,On Leave,Meets Expectations,High School,NCR,1.0,16,51,8,2,2018
1353,Camille Reyes,Female,22,Operations,Operations Coordinator,44100,2018-03-01,2019-12-22,6.8,Resigned,Meets Expectations,Master's,NCR,3.5,12,51,24,3,2022
1354,David Morales,Male,30,HR,HR Director,113600,2019-09-05,,5.3,Active,Outstanding,Master's,Visayas,1.5,2,2,9,3,2023
1355,Barbara Cruz,Female,30,IT,CTO,188600,2023-11-06,,1.2,Active,Outstanding,Master's,Visayas,2.8,13,70,28,3,2020
1356,David Villanueva,Male,22,Legal,Legal Counsel,102900,2018-01-07,,7.0,Active,Exceeds Expectations,Bachelor's,Luzon,4.9,18,61,23,0,
1357,Jennifer Garcia,Female,55,Finance,CFO,197800,2015-11-17,,9.1,Active,Exceeds Expectations,Bachelor's,NCR,3.5,2,69,37,2,2022
1358,Carlos Lopez,Male,22,Legal,General Counsel,217200,2020-04-05,,4.7,Active,Meets Expectations,Bachelor's,Mindanao,2.2,1,76,19,2,2018
1359,Nicole Gonzalez,Female,58,Engineering,Tech Lead,116500,2023-04-09,,1.7,Active,Meets Expectations,High School,Visayas,3.0,8,32,8,2,2020
1360,Mary Bautista,Female,33,Sales,VP of Sales,134200,2016-12-19,,8.0,Active,Exceeds Expectations,Bachelor's,Visayas,4.2,1,43,5,1,2022
1361,Marco Villanueva,Male,46,HR,HR Director,101000,2017-05-13,,7.6,Active,Outstanding,High School,NCR,2.1,3,6,10,3,2021
1362,Karen Morales,Female,56,HR,HR Director,115600,2020-04-27,,4.7,Active,Exceeds Expectations,Bachelor's,Luzon,2.2,14,48,20,0,
1363,Rafael Dela Cruz,Male,49,Finance,Finance Manager,93900,2017-12-29,,7.0,Active,Meets Expectations,Master's,NCR,2.8,7,75,12,2,2023
1364,Carlos Lopez,Male,22,Engineering,Junior Developer,35200,2019-08-12,,5.4,Active,Needs Improvement,Bachelor's,Mindanao,1.9,9,32,12,0,
1365,Gabriel Cruz,Male,25,HR,HR Assistant,39600,2016-05-06,,8.7,Active,Exceeds Expectations,Bachelor's,NCR,4.1,20,72,11,0,
1366,Thomas Ramos,Male,51,Marketing,CMO,138100,2023-08-18,,1.4,Active,Outstanding,PhD,Mindanao,2.0,2,35,3,3,2021
1367,Patricia Rivera,Female,38,Sales,VP of Sales,114500,2020-07-07,,4.5,On Leave,Meets Expectations,Bachelor's,Visayas,3.6,3,18,34,3,2019
1368,Juan Rivera,Male,28,Engineering,Junior Developer,36200,2021-05-29,,3.6,Active,Exceeds Expectations,High School,NCR,1.6,20,0,2,3,2020
1369,Carlos Aquino,Male,58,Engineering,Software Architect,151300,2019-11-22,,5.1,Active,Exceeds Expectations,PhD,Luzon,3.2,0,49,30,0,
1370,Maria Ramos,Female,47,Engineering,Junior Developer,41000,2020-12-29,,4.0,Active,Meets Expectations,PhD,NCR,4.0,9,25,11,0,
1371,Susan Ramos,Female,46,Marketing,Marketing Manager,80900,2015-12-14,2018-11-24,9.1,Resigned,Exceeds Expectations,Bachelor's,Luzon,1.8,18,30,31,3,2018
1372,Isabella Lopez,Female,50,Engineering,Junior Developer,40600,2015-08-18,,9.4,Active,Exceeds Expectations,Bachelor's,Luzon,1.8,20,66,29,1,2023
1373,Robert Reyes,Male,31,Legal,Legal Assistant,42700,2021-12-07,,3.1,Active,Exceeds Expectations,Bachelor's,Luzon,1.7,1,39,6,3,2022
1374,Diego Cruz,Male,28,Marketing,CMO,159000,2023-12-18,,1.0,Active,Needs Improvement,Bachelor's,NCR,2.3,12,41,7,1,2020
1375,John Martinez,Male,33,Operations,Operations Coordinator,32000,2018-01-26,,6.9,Active,Meets Expectations,Master's,Mindanao,3.2,14,31,37,0,
1376,Michael Perez,Male,46,Sales,Sales Rep,44000,2015-11-27,,9.1,Active,Meets Expectations,High School,NCR,3.6,9,53,30,1,2019
1377,Thomas Hernandez,Male,50,IT,IT Specialist,50700,2021-11-05,,3.2,Active,Exceeds Expectations,Master's,NCR,3.4,2,80,19,2,2021
1378,Rafael Flores,Male,34,Marketing,Marketing Coordinator,40100,2019-01-22,2022-07-30,5.9,Resigned,Exceeds Expectations,Bachelor's,NCR,3.6,8,6,12,0,
1379,Marco Morales,Male,33,Sales,Sales Rep,29800,2022-03-26,,2.8,Active,Meets Expectations,Bachelor's,Mindanao,3.5,14,5,6,0,
1380,David Santos,Male,53,Marketing,Marketing Coordinator,44700,2017-08-21,,7.4,Active,Exceeds Expectations,Bachelor's,NCR,1.8,10,29,7,2,2019
1381,Joseph Villanueva,Male,34,IT,IT Specialist,47400,2020-04-13,,4.7,Active,Needs Improvement,Bachelor's,Visayas,1.9,19,58,11,3,2020
1382,Juan Torres,Male,44,Finance,Senior Analyst,71000,2016-06-05,,8.6,Active,Exceeds Expectations,Bachelor's,Visayas,1.4,14,58,26,1,2024
1383,Jessica Ramos,Female,32,Sales,Senior Sales Rep,47800,2019-08-14,,5.4,Active,Meets Expectations,Bachelor's,NCR,2.9,14,35,0,3,2023
1384,Joseph Mendoza,Male,49,HR,HR Specialist,58800,2015-01-21,,10.0,Active,Poor,Bachelor's,NCR,4.1,1,54,33,3,2021
1385,Juan Morales,Male,37,Marketing,Marketing Coordinator,41400,2023-03-17,,1.8,Active,Meets Expectations,Bachelor's,Mindanao,2.0,2,2,30,2,2019
1386,Nicole Martinez,Female,23,Legal,General Counsel,168200,2022-11-20,,2.1,Active,Exceeds Expectations,Bachelor's,NCR,2.9,20,0,40,0,
1387,Maria Hernandez,Female,24,Finance,CFO,165400,2022-10-30,2024-12-31,2.2,Terminated,Exceeds Expectations,Bachelor's,NCR,1.3,10,7,32,2,2018
1388,Jose Dela Cruz,Male,51,Engineering,Tech Lead,102000,2016-12-18,,8.0,Active,Exceeds Expectations,Master's,NCR,4.1,4,42,15,0,
1389,Nicole Torres,Female,36,Operations,Operations Manager,73800,2020-08-24,,4.4,Active,Meets Expectations,High School,Mindanao,2.4,15,64,33,0,
1390,Camille Lopez,Female,40,Legal,Senior Counsel,114300,2017-02-10,2020-03-03,7.9,Resigned,Needs Improvement,Bachelor's,Visayas,2.2,2,13,10,2,2018
1391,Marco Garcia,Male,35,Engineering,Tech Lead,103600,2022-08-27,,2.3,Active,Needs Improvement,Bachelor's,NCR,2.8,20,2,18,1,2018
1392,Joseph Hernandez,Male,43,IT,IT Manager,91500,2022-03-31,,2.8,Active,Meets Expectations,Master's,NCR,3.1,17,56,29,2,2022
1393,Charles Gonzalez,Male,38,HR,HR Director,114400,2018-03-26,,6.8,Active,Poor,Bachelor's,Mindanao,2.8,5,79,10,2,2019
1394,William Gonzalez,Male,37,Marketing,Marketing Coordinator,35200,2021-06-11,,3.6,Active,Meets Expectations,Bachelor's,Visayas,3.2,1,40,22,1,2020
1395,Camille Gonzalez,Female,56,Finance,Finance Analyst,40800,2019-07-16,2024-05-03,5.5,Terminated,Needs Improvement,Bachelor's,Mindanao,1.6,17,64,21,2,2021
1396,Nicole Garcia,Female,58,Legal,Senior Counsel,117400,2023-03-16,,1.8,Active,Poor,Master's,NCR,1.5,0,51,39,1,2021
1397,Jennifer Mendoza,Female,25,HR,HR Specialist,49100,2017-03-12,,7.8,Active,Exceeds Expectations,Bachelor's,NCR,3.7,2,65,25,1,2021
1398,Grace Perez,Female,54,Engineering,Tech Lead,103000,2016-08-28,,8.3,Active,Meets Expectations,Bachelor's,Mindanao,1.0,11,44,19,3,2024
1399,Richard Castillo,Male,48,Legal,Senior Counsel,120700,2023-03-01,,1.8,On Leave,Meets Expectations,Bachelor's,Visayas,4.3,19,11,9,1,2020
1400,Andrea Mendoza,Female,26,IT,IT Support,30100,2019-08-05,,5.4,Active,Meets Expectations,Bachelor's,NCR,2.8,18,17,12,1,2024
1401,Karen Lopez,Female,53,Engineering,Tech Lead,117300,2021-07-25,,3.4,Active,Exceeds Expectations,Bachelor's,Visayas,1.1,0,19,16,2,2023
1402,Linda Ramos,Female,48,Sales,VP of Sales,155100,2022-03-26,,2.8,Active,Needs Improvement,Bachelor's,NCR,5.0,2,76,23,3,2022
1403,Sarah Morales,Female,29,Operations,Operations Coordinator,43800,2017-11-29,,7.1,Active,Needs Improvement,Bachelor's,NCR,4.5,4,45,10,0,
1404,Ana Villanueva,Female,44,Engineering,Tech Lead,99600,2020-12-09,,4.1,Active,Needs Improvement,Bachelor's,NCR,1.7,3,76,10,2,2024
1405,Karen Rivera,Female,45,Marketing,Marketing Manager,69700,2015-02-22,,9.9,Active,Meets Expectations,PhD,NCR,2.6,5,13,13,1,2022
1406,Richard Lopez,Male,55,Marketing,CMO,150200,2015-11-09,,9.2,Active,Needs Improvement,High School,NCR,2.4,11,17,28,2,2019
1407,Mary Bautista,Female,36,Sales,Senior Sales Rep,67500,2017-07-17,,7.5,Active,Meets Expectations,High School,NCR,3.8,3,9,1,3,2024
1408,Patricia Torres,Female,28,Engineering,Junior Developer,42700,2016-05-02,2017-01-25,8.7,Resigned,Needs Improvement,Master's,Luzon,4.0,3,77,13,1,2019
1409,Mary Cruz,Female,31,Finance,Finance Manager,96500,2016-10-19,,8.2,Active,Exceeds Expectations,Master's,Visayas,3.0,2,12,37,0,
1410,Richard Ramos,Male,32,Engineering,Junior Developer,38500,2020-08-27,,4.3,Active,Meets Expectations,Master's,NCR,1.7,3,23,22,3,2021
1411,Paolo Flores,Male,48,Marketing,Marketing Manager,69000,2020-03-23,,4.8,Active,Needs Improvement,PhD,Mindanao,3.8,17,5,5,2,2021
1412,Jose Ramos,Male,51,Finance,CFO,159600,2021-03-18,,3.8,Active,Outstanding,Bachelor's,Visayas,4.4,15,47,11,0,
1413,Linda Aquino,Female,50,Marketing,Marketing Coordinator,32300,2019-06-06,,5.6,Active,Exceeds Expectations,High School,NCR,4.7,5,8,23,1,2020
1414,Gabriel Aquino,Male,29,HR,HR Director,122700,2018-02-14,,6.9,Active,Exceeds Expectations,Master's,Mindanao,4.0,20,51,22,3,2023
1415,Isabella Hernandez,Female,39,Sales,VP of Sales,117100,2016-05-15,,8.6,Active,Meets Expectations,Master's,Visayas,1.1,1,8,31,0,
1416,Jose Perez,Male,42,Sales,Sales Manager,90400,2021-12-27,,3.0,Active,Needs Improvement,PhD,NCR,4.1,14,25,18,3,2021
1417,Camille Mendoza,Female,56,Engineering,Junior Developer,42100,2016-05-02,,8.7,Active,Meets Expectations,Bachelor's,NCR,2.8,1,22,35,2,2023
1418,Marco Villanueva,Male,30,Finance,CFO,193900,2023-07-27,,1.4,Active,Exceeds Expectations,Master's,NCR,3.7,18,60,30,1,2022
1419,Jose Rivera,Male,53,IT,IT Manager,95100,2018-03-11,,6.8,Active,Poor,High School,Visayas,4.3,11,74,1,2,2021
1420,Luis Dela Cruz,Male,44,IT,IT Manager,71800,2022-06-01,,2.6,Active,Meets Expectations,Bachelor's,NCR,1.3,2,39,7,2,2019
1421,Rafael Mendoza,Male,24,Legal,General Counsel,217500,2019-09-22,,5.3,Active,Exceeds Expectations,Master's,Luzon,4.9,12,73,24,2,2022
1422,Marco Bautista,Male,35,Operations,COO,152900,2023-07-31,,1.4,Active,Meets Expectations,Bachelor's,Mindanao,4.9,6,63,40,0,
1423,Charles Rivera,Male,25,Finance,CFO,159600,2022-01-02,,3.0,Active,Needs Improvement,PhD,NCR,1.4,10,34,4,3,2021
1424,Miguel Cruz,Male,41,Finance,CFO,171100,2017-03-30,,7.8,Active,Meets Expectations,Master's,NCR,3.7,17,23,1,1,2022
1425,Susan Castillo,Female,39,IT,IT Support,38600,2017-04-01,,7.8,Active,Needs Improvement,Bachelor's,NCR,3.7,9,55,26,2,2024
1426,Richard Villanueva,Male,39,Finance,Senior Analyst,68400,2022-09-14,,2.3,Active,Meets Expectations,High School,Visayas,1.8,7,39,29,3,2022
1427,Elena Reyes,Female,34,Sales,Sales Manager,74500,2015-04-30,,9.7,Active,Outstanding,Master's,NCR,1.7,1,62,1,0,
1428,Carlos Perez,Male,41,Marketing,CMO,178800,2019-01-28,,5.9,Active,Outstanding,Bachelor's,NCR,4.4,7,14,36,0,
1429,Isabella Cruz,Female,37,Marketing,Marketing Manager,75800,2021-07-21,,3.4,Active,Outstanding,Master's,Visayas,4.7,6,18,6,1,2019
1430,Sofia Villanueva,Female,38,Engineering,Software Architect,155000,2019-03-15,,5.8,Active,Needs Improvement,Master's,NCR,2.9,7,35,9,2,2021
1431,Karen Santos,Female,24,Engineering,Senior Developer,68300,2021-03-13,,3.8,Active,Exceeds Expectations,Master's,Mindanao,4.6,3,68,15,3,2021
1432,Jose Rivera,Male,41,Marketing,Marketing Specialist,54700,2017-05-11,,7.6,Active,Meets Expectations,Bachelor's,NCR,2.3,20,52,2,2,2024
1433,Marco Morales,Male,48,Operations,COO,177500,2016-02-16,,8.9,Active,Exceeds Expectations,Master's,Luzon,2.4,19,70,20,3,2023
1434,John Gonzalez,Male,50,Sales,Sales Rep,41100,2017-03-30,,7.8,Active,Meets Expectations,High School,Luzon,1.6,16,16,38,3,2024
1435,Sofia Morales,Female,30,Finance,Senior Analyst,82500,2021-08-26,,3.4,Active,Exceeds Expectations,Bachelor's,Luzon,2.7,5,50,24,1,2018
1436,Rafael Perez,Male,36,Marketing,CMO,133000,2017-12-08,,7.1,Active,Meets Expectations,Bachelor's,NCR,2.7,8,19,5,2,2019
1437,James Hernandez,Male,49,Legal,General Counsel,165500,2017-07-08,,7.5,Active,Meets Expectations,PhD,Mindanao,2.2,15,48,8,3,2024
1438,Gabriel Torres,Male,40,HR,HR Director,101800,2019-08-01,,5.4,Active,Poor,Bachelor's,Visayas,3.5,7,47,37,3,2018
1439,Marco Garcia,Male,42,IT,IT Specialist,68400,2019-04-20,,5.7,Active,Exceeds Expectations,Bachelor's,Luzon,1.4,1,6,21,1,2021
1440,Grace Perez,Female,24,Engineering,Tech Lead,106500,2021-12-13,,3.1,Active,Outstanding,Master's,Mindanao,1.5,17,5,37,1,2020
1441,Paolo Morales,Male,43,Legal,Legal Counsel,75900,2018-07-23,,6.4,Active,Meets Expectations,Bachelor's,Luzon,2.3,4,63,17,2,2021
1442,Sarah Perez,Female,38,Operations,COO,178500,2016-11-06,,8.2,Active,Outstanding,PhD,Visayas,3.2,20,56,3,1,2019
1443,Joseph Gonzalez,Male,24,Legal,Senior Counsel,120700,2022-12-01,,2.1,Active,Needs Improvement,Bachelor's,Luzon,2.8,17,62,29,3,2018
1444,Michael Dela Cruz,Male,27,HR,HR Manager,65900,2016-11-20,,8.1,Active,Outstanding,Master's,NCR,3.3,18,0,33,1,2021
1445,Joseph Morales,Male,28,Operations,Operations Coordinator,34700,2022-08-22,,2.4,On Leave,Needs Improvement,Bachelor's,NCR,4.7,3,41,9,0,
1446,Juan Morales,Male,51,Finance,Finance Analyst,50800,2015-06-29,,9.5,Active,Outstanding,Bachelor's,NCR,5.0,18,16,13,0,
1447,Maria Reyes,Female,26,IT,IT Support,36500,2017-11-11,,7.1,Active,Outstanding,PhD,NCR,1.4,6,20,24,3,2020
1448,Michael Ramos,Male,53,IT,IT Manager,99600,2022-09-06,,2.3,Active,Meets Expectations,High School,Mindanao,3.1,15,57,24,3,2020
1449,Jennifer Villanueva,Female,45,Sales,VP of Sales,151300,2019-10-11,,5.2,Active,Exceeds Expectations,Bachelor's,NCR,1.9,4,63,33,0,
1450,Sofia Villanueva,Female,27,Legal,Senior Counsel,119700,2016-06-07,,8.6,Active,Meets Expectations,Bachelor's,NCR,2.7,18,6,35,0,
1451,Paolo Bautista,Male,54,IT,CTO,136200,2020-03-18,,4.8,Active,Exceeds Expectations,Bachelor's,Mindanao,2.0,2,64,1,0,
1452,Elizabeth Gonzalez,Female,47,Engineering,Junior Developer,41800,2022-11-25,,2.1,Active,Exceeds Expectations,Bachelor's,NCR,2.8,8,43,11,1,2019
1453,Gabriel Rivera,Male,28,IT,IT Support,30100,2019-06-06,,5.6,Active,Meets Expectations,Bachelor's,NCR,3.8,19,62,19,2,2023
1454,Karen Cruz,Female,30,Sales,Sales Rep,34300,2016-04-03,,8.8,Active,Exceeds Expectations,Bachelor's,Luzon,1.8,20,18,15,3,2024
1455,Robert Ramos,Male,51,Sales,VP of Sales,137600,2015-03-31,,9.8,Active,Outstanding,Master's,NCR,2.8,15,60,1,3,2022
1456,Richard Ramos,Male,58,IT,IT Support,35500,2015-02-02,,9.9,Active,Outstanding,Bachelor's,NCR,4.4,18,76,35,2,2018
1457,Rosa Morales,Female,54,Legal,Legal Counsel,74000,2020-12-03,,4.1,Active,Exceeds Expectations,Master's,Luzon,2.1,20,53,30,0,
1458,Grace Dela Cruz,Female,50,IT,IT Support,32600,2018-03-25,,6.8,Active,Meets Expectations,Bachelor's,Visayas,3.0,18,43,38,3,2019
1459,Rosa Villanueva,Female,45,Legal,Legal Counsel,83600,2018-03-02,,6.8,Active,Needs Improvement,Bachelor's,Visayas,1.7,5,77,31,0,
1460,Isabella Ramos,Female,37,HR,HR Assistant,28300,2019-01-09,2021-07-08,6.0,Resigned,Exceeds Expectations,Bachelor's,NCR,1.1,2,43,27,0,
1461,Michael Lopez,Male,36,Legal,Senior Counsel,132300,2023-10-20,,1.2,Active,Poor,Master's,Mindanao,4.6,16,77,6,0,
1462,Sofia Bautista,Female,28,Marketing,Marketing Coordinator,38300,2016-03-07,,8.8,Active,Needs Improvement,Bachelor's,Mindanao,1.6,9,56,32,3,2023
1463,William Dela Cruz,Male,43,Sales,Sales Rep,34600,2019-12-04,,5.1,On Leave,Exceeds Expectations,High School,Visayas,4.3,15,43,18,1,2018
1464,Ana Villanueva,Female,45,HR,HR Specialist,57400,2019-09-24,,5.3,Active,Needs Improvement,Bachelor's,NCR,4.7,14,66,23,0,
1465,Barbara Santos,Female,55,Marketing,Marketing Coordinator,35500,2018-07-13,,6.5,Active,Exceeds Expectations,Bachelor's,Luzon,2.6,1,19,36,0,
1466,Elena Aquino,Female,57,Finance,Finance Manager,114800,2018-11-10,,6.1,Active,Meets Expectations,Master's,NCR,4.7,12,57,13,3,2023
1467,Rosa Torres,Female,41,Marketing,Marketing Coordinator,38800,2018-10-02,,6.3,Active,Exceeds Expectations,Bachelor's,NCR,5.0,9,27,5,2,2022
1468,Elizabeth Santos,Female,23,Finance,Senior Analyst,70000,2023-02-23,,1.9,Active,Exceeds Expectations,Master's,Luzon,4.4,8,80,32,2,2018
1469,Michael Castillo,Male,41,Engineering,Software Architect,142200,2017-08-25,,7.4,Active,Outstanding,Master's,NCR,4.6,20,68,38,1,2020
1470,Karen Martinez,Female,30,IT,IT Specialist,48400,2018-09-04,,6.3,Active,Meets Expectations,PhD,Mindanao,2.8,4,54,26,0,
1471,John Villanueva,Male,30,Legal,Legal Counsel,99200,2015-11-16,,9.1,Active,Exceeds Expectations,Master's,NCR,3.1,12,33,37,3,2023
1472,Sofia Morales,Female,48,Sales,Senior Sales Rep,61600,2016-06-04,,8.6,Active,Meets Expectations,Master's,NCR,4.5,3,27,29,3,2018
1473,Rafael Dela Cruz,Male,29,IT,IT Support,32000,2019-02-22,,5.9,Active,Poor,Bachelor's,Luzon,2.5,11,38,18,3,2018
1474,William Martinez,Male,48,Engineering,Tech Lead,119100,2018-03-07,,6.8,Active,Outstanding,Bachelor's,Luzon,1.5,11,8,2,3,2021
1475,Nicole Castillo,Female,43,IT,CTO,184700,2023-01-28,,1.9,Active,Needs Improvement,Bachelor's,NCR,3.5,14,57,9,2,2018
1476,Rosa Flores,Female,47,Operations,Operations Coordinator,41000,2019-12-20,,5.0,Active,Exceeds Expectations,PhD,Visayas,3.8,18,80,19,0,
1477,Richard Perez,Male,56,Engineering,Senior Developer,84600,2020-05-03,,4.7,Active,Poor,Master's,NCR,1.7,0,35,13,1,2024
1478,Jennifer Lopez,Female,42,IT,IT Support,38100,2015-04-06,,9.7,Active,Meets Expectations,High School,NCR,2.3,8,11,7,0,
1479,Charles Garcia,Male,33,Finance,Finance Analyst,45100,2018-06-10,2022-09-26,6.6,Terminated,Meets Expectations,Master's,Mindanao,1.7,1,38,24,0,
1480,Barbara Villanueva,Female,42,Finance,CFO,145900,2015-08-01,,9.4,Active,Exceeds Expectations,Master's,Visayas,3.0,16,49,7,2,2018
1481,Sofia Lopez,Female,48,Marketing,CMO,121900,2019-07-28,,5.4,Active,Outstanding,High School,Mindanao,3.2,18,12,15,1,2020
1482,Sofia Cruz,Female,54,HR,HR Specialist,52200,2021-01-22,,3.9,On Leave,Exceeds Expectations,Master's,NCR,4.8,17,57,2,0,
1483,Grace Ramos,Female,32,Engineering,Junior Developer,42900,2018-01-24,,6.9,Active,Outstanding,Bachelor's,Mindanao,4.4,6,74,32,2,2018
1484,Rafael Martinez,Male,26,Finance,Finance Analyst,53000,2022-10-31,,2.2,Active,Needs Improvement,Master's,Mindanao,4.5,6,78,32,2,2023
1485,Sarah Castillo,Female,39,HR,HR Manager,71200,2017-05-12,,7.6,Active,Exceeds Expectations,High School,NCR,1.5,0,77,30,0,
1486,David Villanueva,Male,57,Legal,General Counsel,160600,2023-10-30,2024-12-31,1.2,Resigned,Needs Improvement,High School,NCR,2.8,3,45,24,2,2021
1487,James Bautista,Male,51,Operations,Operations Specialist,59600,2015-02-08,,9.9,Active,Poor,Bachelor's,NCR,4.7,11,24,5,2,2024
1488,Joseph Morales,Male,45,Engineering,Tech Lead,106100,2022-11-23,,2.1,Active,Meets Expectations,Bachelor's,NCR,2.6,8,72,32,3,2019
1489,Diego Perez,Male,58,Sales,Sales Rep,32200,2023-05-14,,1.6,Active,Meets Expectations,Master's,Visayas,4.5,8,24,1,2,2023
1490,Mary Villanueva,Female,25,Operations,COO,175300,2019-07-25,,5.4,Active,Exceeds Expectations,Bachelor's,NCR,2.4,1,28,3,2,2021
1491,Maria Santos,Female,47,HR,HR Manager,62700,2021-05-31,,3.6,Active,Outstanding,Bachelor's,NCR,2.7,2,31,12,1,2020
1492,Jennifer Bautista,Female,23,Legal,General Counsel,153100,2021-08-24,,3.4,Active,Outstanding,PhD,Mindanao,2.0,15,30,21,0,
1493,Andrea Flores,Female,26,Legal,Legal Assistant,45200,2020-01-03,,5.0,Active,Needs Improvement,High School,Luzon,2.5,2,16,3,3,2018
1494,Grace Villanueva,Female,26,Marketing,Marketing Coordinator,39200,2015-08-02,,9.4,Active,Meets Expectations,High School,NCR,4.0,7,76,39,0,
1495,Rosa Castillo,Female,49,Marketing,Marketing Manager,86300,2022-07-30,,2.4,Active,Meets Expectations,Bachelor's,NCR,1.8,3,1,38,0,
1496,Diego Garcia,Male,54,Finance,Finance Manager,98800,2020-05-25,,4.6,Active,Meets Expectations,Bachelor's,Visayas,4.2,1,16,19,3,2022
1497,Karen Martinez,Female,56,Sales,Senior Sales Rep,60400,2018-06-18,,6.5,Active,Meets Expectations,High School,NCR,3.3,4,7,15,0,
1498,Ana Torres,Female,34,HR,HR Assistant,33600,2017-02-14,,7.9,Active,Exceeds Expectations,Bachelor's,NCR,3.8,18,72,21,2,2021
1499,Elizabeth Bautista,Female,51,Engineering,Software Architect,134400,2015-01-16,,10.0,Active,Exceeds Expectations,Bachelor's,NCR,1.9,15,42,24,1,2021
1500,James Dela Cruz,Male,22,Marketing,Marketing Manager,66000,2021-03-22,,3.8,Active,Meets Expectations,Bachelor's,NCR,3.3,11,5,1,1,2019
